variant_index,coordinate,hom_ref_count,het_count,hom_alt_count,missing_count,heterozygote_rate,hom_alt_rate
1,22:16051249:T:C,6,4,0,0,0.4,0.0
2,22:16052080:G:A,7,3,0,0,0.3,0.0
3,22:16052962:C:T,7,3,0,0,0.3,0.0
4,22:16052986:C:A,9,1,0,0,0.1,0.0
5,22:16053444:A:T,9,1,0,0,0.1,0.0
6,22:16053659:A:C,0,5,5,0,0.5,0.5
7,22:16053791:C:A,6,3,1,0,0.3,0.1
8,22:16053862:C:T,6,4,0,0,0.4,0.0
9,22:16053863:G:A,7,3,0,0,0.3,0.0
10,22:16054454:C:T,6,4,0,0,0.4,0.0
11,22:16054740:A:G,5,3,2,0,0.3,0.2
12,22:16055070:G:A,7,3,0,0,0.3,0.0
