variant_index,coordinate,group_type,group,n_samples,allele_number,alt_count,allele_frequency,igsr_reference_group_af,abs_delta_vs_igsr_reference_group_af,suppressed,suppression_reason
1,22:16051249:T:C,super_population,AFR,2,4,,,,,True,n<5; avoid small-cell genotype disclosure
1,22:16051249:T:C,super_population,AMR,2,4,,,,,True,n<5; avoid small-cell genotype disclosure
1,22:16051249:T:C,super_population,EAS,2,4,,,,,True,n<5; avoid small-cell genotype disclosure
1,22:16051249:T:C,super_population,EUR,2,4,,,,,True,n<5; avoid small-cell genotype disclosure
1,22:16051249:T:C,super_population,SAS,2,4,,,,,True,n<5; avoid small-cell genotype disclosure
2,22:16052080:G:A,super_population,AFR,2,4,,,,,True,n<5; avoid small-cell genotype disclosure
2,22:16052080:G:A,super_population,AMR,2,4,,,,,True,n<5; avoid small-cell genotype disclosure
2,22:16052080:G:A,super_population,EAS,2,4,,,,,True,n<5; avoid small-cell genotype disclosure
2,22:16052080:G:A,super_population,EUR,2,4,,,,,True,n<5; avoid small-cell genotype disclosure
2,22:16052080:G:A,super_population,SAS,2,4,,,,,True,n<5; avoid small-cell genotype disclosure
3,22:16052962:C:T,super_population,AFR,2,4,,,,,True,n<5; avoid small-cell genotype disclosure
3,22:16052962:C:T,super_population,AMR,2,4,,,,,True,n<5; avoid small-cell genotype disclosure
3,22:16052962:C:T,super_population,EAS,2,4,,,,,True,n<5; avoid small-cell genotype disclosure
3,22:16052962:C:T,super_population,EUR,2,4,,,,,True,n<5; avoid small-cell genotype disclosure
3,22:16052962:C:T,super_population,SAS,2,4,,,,,True,n<5; avoid small-cell genotype disclosure
4,22:16052986:C:A,super_population,AFR,2,4,,,,,True,n<5; avoid small-cell genotype disclosure
4,22:16052986:C:A,super_population,AMR,2,4,,,,,True,n<5; avoid small-cell genotype disclosure
4,22:16052986:C:A,super_population,EAS,2,4,,,,,True,n<5; avoid small-cell genotype disclosure
4,22:16052986:C:A,super_population,EUR,2,4,,,,,True,n<5; avoid small-cell genotype disclosure
4,22:16052986:C:A,super_population,SAS,2,4,,,,,True,n<5; avoid small-cell genotype disclosure
5,22:16053444:A:T,super_population,AFR,2,4,,,,,True,n<5; avoid small-cell genotype disclosure
5,22:16053444:A:T,super_population,AMR,2,4,,,,,True,n<5; avoid small-cell genotype disclosure
5,22:16053444:A:T,super_population,EAS,2,4,,,,,True,n<5; avoid small-cell genotype disclosure
5,22:16053444:A:T,super_population,EUR,2,4,,,,,True,n<5; avoid small-cell genotype disclosure
5,22:16053444:A:T,super_population,SAS,2,4,,,,,True,n<5; avoid small-cell genotype disclosure
6,22:16053659:A:C,super_population,AFR,2,4,,,,,True,n<5; avoid small-cell genotype disclosure
6,22:16053659:A:C,super_population,AMR,2,4,,,,,True,n<5; avoid small-cell genotype disclosure
6,22:16053659:A:C,super_population,EAS,2,4,,,,,True,n<5; avoid small-cell genotype disclosure
6,22:16053659:A:C,super_population,EUR,2,4,,,,,True,n<5; avoid small-cell genotype disclosure
6,22:16053659:A:C,super_population,SAS,2,4,,,,,True,n<5; avoid small-cell genotype disclosure
7,22:16053791:C:A,super_population,AFR,2,4,,,,,True,n<5; avoid small-cell genotype disclosure
7,22:16053791:C:A,super_population,AMR,2,4,,,,,True,n<5; avoid small-cell genotype disclosure
7,22:16053791:C:A,super_population,EAS,2,4,,,,,True,n<5; avoid small-cell genotype disclosure
7,22:16053791:C:A,super_population,EUR,2,4,,,,,True,n<5; avoid small-cell genotype disclosure
7,22:16053791:C:A,super_population,SAS,2,4,,,,,True,n<5; avoid small-cell genotype disclosure
8,22:16053862:C:T,super_population,AFR,2,4,,,,,True,n<5; avoid small-cell genotype disclosure
8,22:16053862:C:T,super_population,AMR,2,4,,,,,True,n<5; avoid small-cell genotype disclosure
8,22:16053862:C:T,super_population,EAS,2,4,,,,,True,n<5; avoid small-cell genotype disclosure
8,22:16053862:C:T,super_population,EUR,2,4,,,,,True,n<5; avoid small-cell genotype disclosure
8,22:16053862:C:T,super_population,SAS,2,4,,,,,True,n<5; avoid small-cell genotype disclosure
9,22:16053863:G:A,super_population,AFR,2,4,,,,,True,n<5; avoid small-cell genotype disclosure
9,22:16053863:G:A,super_population,AMR,2,4,,,,,True,n<5; avoid small-cell genotype disclosure
9,22:16053863:G:A,super_population,EAS,2,4,,,,,True,n<5; avoid small-cell genotype disclosure
9,22:16053863:G:A,super_population,EUR,2,4,,,,,True,n<5; avoid small-cell genotype disclosure
9,22:16053863:G:A,super_population,SAS,2,4,,,,,True,n<5; avoid small-cell genotype disclosure
10,22:16054454:C:T,super_population,AFR,2,4,,,,,True,n<5; avoid small-cell genotype disclosure
10,22:16054454:C:T,super_population,AMR,2,4,,,,,True,n<5; avoid small-cell genotype disclosure
10,22:16054454:C:T,super_population,EAS,2,4,,,,,True,n<5; avoid small-cell genotype disclosure
10,22:16054454:C:T,super_population,EUR,2,4,,,,,True,n<5; avoid small-cell genotype disclosure
10,22:16054454:C:T,super_population,SAS,2,4,,,,,True,n<5; avoid small-cell genotype disclosure
11,22:16054740:A:G,super_population,AFR,2,4,,,,,True,n<5; avoid small-cell genotype disclosure
11,22:16054740:A:G,super_population,AMR,2,4,,,,,True,n<5; avoid small-cell genotype disclosure
11,22:16054740:A:G,super_population,EAS,2,4,,,,,True,n<5; avoid small-cell genotype disclosure
11,22:16054740:A:G,super_population,EUR,2,4,,,,,True,n<5; avoid small-cell genotype disclosure
11,22:16054740:A:G,super_population,SAS,2,4,,,,,True,n<5; avoid small-cell genotype disclosure
12,22:16055070:G:A,super_population,AFR,2,4,,,,,True,n<5; avoid small-cell genotype disclosure
12,22:16055070:G:A,super_population,AMR,2,4,,,,,True,n<5; avoid small-cell genotype disclosure
12,22:16055070:G:A,super_population,EAS,2,4,,,,,True,n<5; avoid small-cell genotype disclosure
12,22:16055070:G:A,super_population,EUR,2,4,,,,,True,n<5; avoid small-cell genotype disclosure
12,22:16055070:G:A,super_population,SAS,2,4,,,,,True,n<5; avoid small-cell genotype disclosure
1,22:16051249:T:C,gender,female,4,8,,,,,True,n<5; avoid small-cell genotype disclosure
1,22:16051249:T:C,gender,male,6,12,3,0.25,,,False,
2,22:16052080:G:A,gender,female,4,8,,,,,True,n<5; avoid small-cell genotype disclosure
2,22:16052080:G:A,gender,male,6,12,2,0.16666666666666666,,,False,
3,22:16052962:C:T,gender,female,4,8,,,,,True,n<5; avoid small-cell genotype disclosure
3,22:16052962:C:T,gender,male,6,12,2,0.16666666666666666,,,False,
4,22:16052986:C:A,gender,female,4,8,,,,,True,n<5; avoid small-cell genotype disclosure
4,22:16052986:C:A,gender,male,6,12,0,0.0,,,False,
5,22:16053444:A:T,gender,female,4,8,,,,,True,n<5; avoid small-cell genotype disclosure
5,22:16053444:A:T,gender,male,6,12,0,0.0,,,False,
6,22:16053659:A:C,gender,female,4,8,,,,,True,n<5; avoid small-cell genotype disclosure
6,22:16053659:A:C,gender,male,6,12,9,0.75,,,False,
7,22:16053791:C:A,gender,female,4,8,,,,,True,n<5; avoid small-cell genotype disclosure
7,22:16053791:C:A,gender,male,6,12,4,0.3333333333333333,,,False,
8,22:16053862:C:T,gender,female,4,8,,,,,True,n<5; avoid small-cell genotype disclosure
8,22:16053862:C:T,gender,male,6,12,3,0.25,,,False,
9,22:16053863:G:A,gender,female,4,8,,,,,True,n<5; avoid small-cell genotype disclosure
9,22:16053863:G:A,gender,male,6,12,2,0.16666666666666666,,,False,
10,22:16054454:C:T,gender,female,4,8,,,,,True,n<5; avoid small-cell genotype disclosure
10,22:16054454:C:T,gender,male,6,12,3,0.25,,,False,
11,22:16054740:A:G,gender,female,4,8,,,,,True,n<5; avoid small-cell genotype disclosure
11,22:16054740:A:G,gender,male,6,12,3,0.25,,,False,
12,22:16055070:G:A,gender,female,4,8,,,,,True,n<5; avoid small-cell genotype disclosure
12,22:16055070:G:A,gender,male,6,12,2,0.16666666666666666,,,False,
